8849,ガチマッチ,ガチホコバトル,コンブトラック,WIN!,100,ちゅーたな,N-ZAP85,インクアーマー,キューバンボム,2,7,3,3,826,R-Rakuten,ヒーロースピナー レプリカ,ハイパープレッサー,スプリンクラー,4,0,5,0,525,どうこ,わかばシューター,インクアーマー,スプラッシュボム,2,5,5,4,1026,Garucho,L3リールガン,イカスフィア,カーリングボム,8,2,2,3,939,キッズ,N-ZAP85,インクアーマー,キューバンボム,1,4,5,1,762,ぼむちゃ´∀`　ラグ,ボトルガイザーフォイル,バブルランチャー,スプラッシュボム,5,0,4,2,748,じっかのひでんです…,プライムシューターベッチュー,ナイスダマ,スプラッシュボム,5,2,4,2,797,ゆりちゃん,スプラローラー,スーパーチャクチ,カーリングボム,4,0,3,2,744
8832,ガチマッチ,ガチエリア,海女美術大学,LOSE…,0,ちゅーたな,N-ZAP85,インクアーマー,キューバンボム,5,4,8,3,1021,N,バケットスロッシャーソーダ,クイックボムピッチャー,スプラッシュボム,11,1,7,3,1020,Axdong,デュアルスイーパーカスタム,アメフラシ,スプラッシュボム,4,4,8,2,1023,しふぉん,スプラスピナー,マルチミサイル,クイックボム,5,0,5,4,1155,FIFA20,プライムシューターベッチュー,ナイスダマ,スプラッシュボム,9,1,7,1,853,しょうちゃんずランド,バケットスロッシャーソーダ,クイックボムピッチャー,スプラッシュボム,7,3,8,3,996,はむ,スプラローラー,スーパーチャクチ,カーリングボム,9,1,5,2,890,いもチャー,スクイックリンα,インクアーマー,ポイントセンサー,3,5,5,6,1452
8865,ガチマッチ,ガチホコバトル,ホッケふ頭,WIN!,96,ちゅーたな,N-ZAP85,インクアーマー,キューバンボム,9,6,8,4,1641,-273.15°C,ロングブラスターネクロ,マルチミサイル,クイックボム,14,4,8,3,1034,こんにちわー！,スプラチャージャーベッチュー,イカスフィア,スプリンクラー,11,7,8,4,906,やまぴぃ,ヒーローローラー レプリカ,スーパーチャクチ,カーリングボム,12,2,10,1,1003,しかにゃん,ケルビン525デコ,イカスフィア,スプラッシュシールド,7,2,14,0,732,ohayosan24,プライムシューターベッチュー,ナイスダマ,スプラッシュボム,15,1,9,4,1413,7,スプラローラー,スーパーチャクチ,カーリングボム,5,3,13,1,700,みーんとちー！,ロングブラスター,アメフラシ,キューバンボム,6,6,10,3,1091
8873,ガチマッチ,ガチヤグラ,フジツボスポーツクラブ,WIN!,38,ちゅーたな,N-ZAP85,インクアーマー,キューバンボム,6,6,5,5,1284,わふる,カーボンローラーデコ,ロボボムピッチャー,クイックボム,8,3,6,2,660,ミーハーなぼく。,ケルビン525デコ,イカスフィア,スプラッシュシールド,15,2,6,4,951,さぼてん,クーゲルシュライバー・ヒュー,アメフラシ,ジャンプビーコン,4,3,8,3,999,ねすつよbot,ヒーローブラスター レプリカ,スーパーチャクチ,ポイズンミスト,5,1,9,0,778,ともや,スプラローラーコラボ,イカスフィア,ジャンプビーコン,8,0,10,2,655,ZZ,プライムシューターベッチュー,ナイスダマ,スプラッシュボム,10,0,9,3,1145,ささ　かざもり,14式竹筒銃・甲,マルチミサイル,カーリングボム,2,0,5,6,1167
8824,ガチマッチ,ガチヤグラ,海女美術大学,LOSE…,47,ちゅーたな,N-ZAP85,インクアーマー,キューバンボム,5,4,7,5,1368,かも,ダイナモローラーベッチュー,ナイスダマ,スプリンクラー,7,0,9,6,1588,たっかー,クーゲルシュライバー・ヒュー,アメフラシ,ジャンプビーコン,7,2,9,2,803,なつめぐ,ノヴァブラスターベッチュー,アメフラシ,タンサンボム,6,1,11,2,798,U-G,ジェットスイーパーカスタム,ハイパープレッサー,クイックボム,12,10,4,3,1356,おとくなけいじばん,ヒーローローラー レプリカ,スーパーチャクチ,カーリングボム,13,1,8,4,1198,demoru,ハイドラントカスタム,インクアーマー,トラップ,7,7,5,4,934,Nos,プライムシューターベッチュー,ナイスダマ,スプラッシュボム,4,1,8,4,898
8853,ガチマッチ,ガチホコバトル,コンブトラック,LOSE…,72,ちゅーたな,N-ZAP85,インクアーマー,キューバンボム,6,9,10,5,1399,がんばれ,4Kスコープ,アメフラシ,トラップ,10,0,5,6,1452,♪オトノナルホウヘ→,オーバーフロッシャー,アメフラシ,スプラッシュシールド,3,1,12,1,800,Gerbera,ホクサイ,ジェットパック,ロボットボム,11,3,10,4,1098,そこらへんのバナーナ,スパッタリークリア,スーパーチャクチ,トーピード,9,3,7,3,1165,よ！,スプラチャージャー,ハイパープレッサー,スプラッシュボム,8,1,6,2,1132,かなしみソーダ,H3リールガンD,インクアーマー,キューバンボム,9,5,8,3,1466,キャベちゅ,ヒーローローラー レプリカ,スーパーチャクチ,カーリングボム,11,1,9,2,900
8812,ガチマッチ,ガチホコバトル,ザトウマーケット,LOSE…,0,ちゅーたな,N-ZAP85,インクアーマー,キューバンボム,2,2,2,2,485,くお,おちばシューター,バブルランチャー,トーピード,1,1,3,1,322,yuki,スプラローラー,スーパーチャクチ,カーリングボム,0,0,3,1,421,しばいぬ,スパッタリー,キューバンボムピッチャー,ジャンプビーコン,1,1,5,0,249,S☆いづももちGS,わかばシューター,インクアーマー,スプラッシュボム,2,4,0,2,496,JK*てら,ジェットスイーパー,マルチミサイル,ポイズンミスト,0,2,1,1,356,たかふじかこをすこれ,ヒーローシェルター レプリカ,アメフラシ,スプリンクラー,3,1,1,2,559,もりま,カーボンローラーデコ,ロボボムピッチャー,クイックボム,8,1,2,0,424
8845,ガチマッチ,ガチホコバトル,コンブトラック,WIN!,88,ちゅーたな,N-ZAP85,インクアーマー,キューバンボム,8,4,8,6,1554,たいしたヤツだ…,オーバーフロッシャーデコ,キューバンボムピッチャー,スプリンクラー,3,3,4,5,1739,ルパン,デュアルスイーパーカスタム,アメフラシ,スプラッシュボム,7,2,5,3,1506,は。いちょん,ボールドマーカー7,ウルトラハンコ,スプラッシュボム,7,1,11,2,1130,うさまる,プライムシューターベッチュー,ナイスダマ,スプラッシュボム,8,3,6,4,1344,えりくん,N-ZAP85,インクアーマー,キューバンボム,8,8,5,4,2256,くがめ,ヒーローチャージャー レプリカ,ハイパープレッサー,スプラッシュボム,5,3,9,2,1041,うーちゃん2ごう,スパッタリークリア,スーパーチャクチ,トーピード,7,3,5,6,1311
8869,ガチマッチ,ガチヤグラ,アジフライスタジアム,WIN!,76,ちゅーたな,N-ZAP85,インクアーマー,キューバンボム,9,6,8,6,1288,カラスカハザード,バレルスピナーリミックス,ナイスダマ,ポイントセンサー,6,7,5,5,975,しゃーしん,スプラシューターコラボ,ジェットパック,スプラッシュボム,17,7,2,5,1015,みなみのヘキチ,デュアルスイーパー,マルチミサイル,ポイントセンサー,6,11,7,5,1268,ぱっちゃ,ハイドラントカスタム,インクアーマー,トラップ,2,3,5,4,1083,リンちゃんなう,L3リールガン,イカスフィア,カーリングボム,8,4,8,5,1470,サイコパスチャッキー,ダイナモローラーベッチュー,ナイスダマ,スプリンクラー,4,1,13,3,860,ヤモり,スパッタリークリア,スーパーチャクチ,トーピード,8,2,12,2,974
8886,ガチマッチ,ガチヤグラ,アジフライスタジアム,WIN!,87,ちゅーたな,N-ZAP85,インクアーマー,キューバンボム,3,4,9,4,1291,さらぺちちゃん,ヒーローチャージャー レプリカ,ハイパープレッサー,スプラッシュボム,7,0,4,4,975,む,ホットブラスターカスタム,ジェットパック,ロボットボム,18,0,12,2,1027,かぞく,ノーチラス79,ジェットパック,キューバンボム,8,0,9,3,849,ようへい,デュアルスイーパー,マルチミサイル,ポイントセンサー,7,8,9,4,1146,ててざりぜ,14式竹筒銃・甲,マルチミサイル,カーリングボム,9,1,10,2,1128,たいまつ,ボトルガイザーフォイル,バブルランチャー,スプラッシュボム,8,5,9,2,994,ゆうき,クラッシュブラスターネオ,マルチミサイル,カーリングボム,10,6,8,4,951
8890,ガチマッチ,ガチヤグラ,アジフライスタジアム,WIN!,68,ちゅーたな,N-ZAP85,インクアーマー,キューバンボム,4,6,5,6,1393,たこまさ,プライムシューターベッチュー,ナイスダマ,スプラッシュボム,10,4,9,4,1094,ぐれぼろ*YC,ダイナモローラーベッチュー,ナイスダマ,スプリンクラー,8,1,5,5,1350,さらぺちちゃん,ヒーローチャージャー レプリカ,ハイパープレッサー,スプラッシュボム,6,1,5,3,915,わるお,4Kスコープ,アメフラシ,トラップ,6,2,4,5,1653,しーさー,クーゲルシュライバー・ヒュー,アメフラシ,ジャンプビーコン,3,4,9,3,1062,Xene:D,クラッシュブラスター,ハイパープレッサー,スプラッシュボム,12,0,9,3,934,イクラのあじ!,.52ガロンデコ,ハイパープレッサー,カーリングボム,3,1,6,5,1162
8828,ガチマッチ,ガチヤグラ,マンタマリア号,LOSE…,0,ちゅーたな,N-ZAP85,インクアーマー,キューバンボム,3,2,5,2,806,eg»みなづき,スパッタリー・ヒュー,アメフラシ,ポイズンミスト,3,0,5,1,700,Chat noir,ハイドラントカスタム,インクアーマー,トラップ,0,0,4,1,473,くろにゃんたこぉー！,キャンピングシェルターカーモ,ウルトラハンコ,トラップ,2,1,6,1,594,る,デュアルスイーパーカスタム,アメフラシ,スプラッシュボム,2,4,2,3,677,ガヴ,パラシェルター,アメフラシ,スプリンクラー,3,6,1,3,747,OPENREC.tv,スクリュースロッシャーベッチュー,スーパーチャクチ,タンサンボム,7,2,4,2,802,わこらだ,プライムシューターベッチュー,ナイスダマ,スプラッシュボム,8,1,1,3,610
8829,ガチマッチ,ガチヤグラ,マンタマリア号,LOSE…,57,ちゅーたな,N-ZAP85,インクアーマー,キューバンボム,7,2,12,2,1078,EI アイきゃら,スプラスコープ,ハイパープレッサー,スプラッシュボム,6,2,4,5,1108,たれ,スパイガジェットソレーラ,イカスフィア,スプラッシュボム,3,3,7,5,1280,MRHK#wanko,スプラマニューバーコラボ,ジェットパック,カーリングボム,10,2,7,4,1074,SHILDA,デュアルスイーパーカスタム,アメフラシ,スプラッシュボム,5,2,7,3,1254,OPENREC.tv,スクリュースロッシャーベッチュー,スーパーチャクチ,タンサンボム,11,2,8,6,1516,ガヴ,パラシェルター,アメフラシ,スプリンクラー,6,1,4,4,1134,りょ。,スプラシューターコラボ,ジェットパック,スプラッシュボム,8,1,7,3,963
8891,ガチマッチ,ガチホコバトル,コンブトラック,WIN!,100,ちゅーたな,N-ZAP85,インクアーマー,キューバンボム,0,4,2,1,365,BTよいどれたぬき,ノーチラス79,ジェットパック,キューバンボム,4,2,2,1,434,ブレーキ,スプラマニューバーコラボ,ジェットパック,カーリングボム,6,0,1,1,407,み,クアッドホッパーブラック,スーパーチャクチ,ロボットボム,9,2,1,2,510,(`・∀・´),パラシェルターソレーラ,スプラッシュボムピッチャー,ロボットボム,0,0,4,0,454,kurosmon,ヴァリアブルローラーフォイル,マルチミサイル,キューバンボム,0,1,4,1,376,シューマ8さい,スプラシューターベッチュー,マルチミサイル,キューバンボム,2,0,5,1,330,わかば,クアッドホッパーブラック,スーパーチャクチ,ロボットボム,4,0,6,0,284
8868,ガチマッチ,ガチホコバトル,バッテラストリート,WIN!,100,ちゅーたな,N-ZAP85,インクアーマー,キューバンボム,0,1,0,1,338,カジュアルきょしょく,ロングブラスターネクロ,マルチミサイル,クイックボム,1,1,1,0,139,はいちゃん,スクリュースロッシャーベッチュー,スーパーチャクチ,タンサンボム,1,0,0,0,281,LowK8 Mιsα,スプラマニューバーベッチュー,イカスフィア,キューバンボム,1,0,0,1,325,かわいいはさいきょう,ロングブラスターネクロ,マルチミサイル,クイックボム,0,0,0,0,169,ふゆなつ,L3リールガンベッチュー,ウルトラハンコ,スプラッシュシールド,0,0,0,0,25,これはなんですか？,スプラシューターコラボ,ジェットパック,スプラッシュボム,0,0,1,1,243,くーげるからにげるな,ダイナモローラーベッチュー,ナイスダマ,スプリンクラー,1,0,2,1,279
8887,ガチマッチ,ガチヤグラ,マンタマリア号,WIN!,48,ちゅーたな,N-ZAP85,インクアーマー,キューバンボム,5,4,11,3,1135,kuro,スクリュースロッシャーベッチュー,スーパーチャクチ,タンサンボム,10,5,5,3,1205,なつやすみ,ヒーローローラー レプリカ,スーパーチャクチ,カーリングボム,6,1,11,0,717,かぞく,ノーチラス79,ジェットパック,キューバンボム,8,6,4,5,973,アストロンDX,ヒーローローラー レプリカ,スーパーチャクチ,カーリングボム,15,2,7,4,1089,さらぺちちゃん,ヒーローチャージャー レプリカ,ハイパープレッサー,スプラッシュボム,2,1,7,2,701,ゆうき,クラッシュブラスターネオ,マルチミサイル,カーリングボム,11,3,7,3,879,けんちゃん→←,N-ZAP85,インクアーマー,キューバンボム,3,4,8,5,1392
8844,ガチマッチ,ガチホコバトル,コンブトラック,WIN!,100,ちゅーたな,N-ZAP85,インクアーマー,キューバンボム,3,3,8,4,1302,うぇい,スクリュースロッシャーベッチュー,スーパーチャクチ,タンサンボム,5,9,7,2,1256,エレキング,ホクサイ・ヒュー,マルチミサイル,ジャンプビーコン,8,4,5,5,1006,にゃぴまる。,ラピッドブラスターベッチュー,イカスフィア,トーピード,8,0,8,3,1118,あとはまかせた,パラシェルターソレーラ,スプラッシュボムピッチャー,ロボットボム,5,1,6,1,1216,Aşťřaþøwēr,ラピッドブラスターベッチュー,イカスフィア,トーピード,8,3,7,2,853,ときのかみファ？！ン,デュアルスイーパーカスタム,アメフラシ,スプラッシュボム,7,5,5,4,1642,りんごタルト,スプラシューターコラボ,ジェットパック,スプラッシュボム,8,4,6,3,1162
8813,ガチマッチ,ガチホコバトル,ザトウマーケット,LOSE…,36,ちゅーたな,N-ZAP85,インクアーマー,キューバンボム,6,4,8,6,1681,ひよこ,クアッドホッパーブラック,スーパーチャクチ,ロボットボム,6,4,11,2,1320,★ΞEarth,スプラスコープベッチュー,イカスフィア,スプリンクラー,8,2,8,4,1065,ながら,.52ガロン,イカスフィア,ポイントセンサー,12,3,14,1,725,あ,バケットスロッシャーデコ,イカスフィア,スプリンクラー,12,0,11,1,1175,ポジトロン,スパッタリー,キューバンボムピッチャー,ジャンプビーコン,9,2,8,1,1299,しょしんしゃあー,スプラシューター,スーパーチャクチ,クイックボム,12,3,10,3,1010,ヤノゾビッチ,ダイナモローラーベッチュー,ナイスダマ,スプリンクラー,8,1,4,6,1507
8852,ガチマッチ,ガチホコバトル,コンブトラック,WIN!,100,ちゅーたな,N-ZAP85,インクアーマー,キューバンボム,5,3,5,6,1524,は？,14式竹筒銃・甲,マルチミサイル,カーリングボム,11,3,2,7,1590,はまこう,ボールドマーカー7,ウルトラハンコ,スプラッシュボム,6,2,7,1,1267,ta,パラシェルターソレーラ,スプラッシュボムピッチャー,ロボットボム,9,3,4,5,1114,かきざき,バレルスピナーリミックス,ナイスダマ,ポイントセンサー,1,3,6,3,989,Zola2,わかばシューター,インクアーマー,スプラッシュボム,4,1,10,4,1474,★★ねむたい★★　,スプラローラー,スーパーチャクチ,カーリングボム,10,2,8,3,1088,こるんだ,14式竹筒銃・甲,マルチミサイル,カーリングボム,3,3,7,6,1486
8825,ガチマッチ,ガチヤグラ,海女美術大学,WIN!,58,ちゅーたな,N-ZAP85,インクアーマー,キューバンボム,8,3,9,5,1320,どんどん,クラッシュブラスターネオ,マルチミサイル,カーリングボム,7,3,7,3,840,カロリーオフ,N-ZAP85,インクアーマー,キューバンボム,6,5,10,6,1337,バーローバーローバー,スプラローラー,スーパーチャクチ,カーリングボム,12,1,9,4,1073,なつめぐ,ノヴァブラスターベッチュー,アメフラシ,タンサンボム,8,3,10,3,983,なのぴこ,ホクサイ・ヒュー,マルチミサイル,ジャンプビーコン,13,2,9,4,834,すまぶらなんて,N-ZAP85,インクアーマー,キューバンボム,5,6,7,5,1310,ユージーンX,ダイナモローラーベッチュー,ナイスダマ,スプリンクラー,9,2,7,3,1232
8872,ガチマッチ,ガチヤグラ,アジフライスタジアム,WIN!,100,ちゅーたな,N-ZAP85,インクアーマー,キューバンボム,5,4,1,4,708,とこはる,ハイドラントカスタム,インクアーマー,トラップ,5,2,2,3,509,あおりねぎ,クーゲルシュライバー・ヒュー,アメフラシ,ジャンプビーコン,8,1,2,2,549,あおじる,スパイガジェット,スーパーチャクチ,トラップ,0,6,3,2,515,びーじぇ,パブロ,スーパーチャクチ,スプラッシュボム,3,0,6,1,653,くりやま,ハイドラントカスタム,インクアーマー,トラップ,2,3,5,0,313,ナマポケシゴム,ロングブラスターネクロ,マルチミサイル,クイックボム,2,0,4,1,445,enomun,N-ZAP85,インクアーマー,キューバンボム,1,0,3,1,573
8864,ガチマッチ,ガチホコバトル,コンブトラック,LOSE…,79,ちゅーたな,N-ZAP85,インクアーマー,キューバンボム,10,1,7,4,1477,しばけんのこきゅう,ヒーローローラー レプリカ,スーパーチャクチ,カーリングボム,10,4,4,5,1142,しゃべりません,ボールドマーカー7,ウルトラハンコ,スプラッシュボム,7,3,8,6,1596,しゅうののしもべ,ケルビン525デコ,イカスフィア,スプラッシュシールド,5,2,13,2,826,りょうくん,14式竹筒銃・甲,マルチミサイル,カーリングボム,6,2,6,5,1223,ももきっちー,ボールドマーカー7,ウルトラハンコ,スプラッシュボム,11,3,11,2,1034,すすき,N-ZAP85,インクアーマー,キューバンボム,7,7,5,6,1540,しかにゃん,ケルビン525デコ,イカスフィア,スプラッシュシールド,8,2,10,3,1127
8833,ガチマッチ,ガチエリア,アロワナモール,WIN!,100,ちゅーたな,N-ZAP85,インクアーマー,キューバンボム,12,7,3,6,1407,ぬ,スプラチャージャー,ハイパープレッサー,スプラッシュボム,5,3,1,3,889,ああああ,スパッタリー,キューバンボムピッチャー,ジャンプビーコン,7,2,6,2,719,ハナナハ・ノウ,わかばシューター,インクアーマー,スプラッシュボム,5,5,5,4,1036,おこったかんな？,もみじシューター,アメフラシ,ロボットボム,3,1,8,6,1516,はむ,スプラローラー,スーパーチャクチ,カーリングボム,3,0,9,2,693,ミルチマサイル,スパッタリー・ヒュー,アメフラシ,ポイズンミスト,8,1,6,3,923,たまご,プライムシューターベッチュー,ナイスダマ,スプラッシュボム,1,1,6,5,944
8848,ガチマッチ,ガチホコバトル,アンチョビットゲームズ,WIN!,80,ちゅーたな,N-ZAP85,インクアーマー,キューバンボム,8,3,7,4,1368,だいふくもち,スプラチャージャー,ハイパープレッサー,スプラッシュボム,4,2,5,2,911,Garucho,L3リールガン,イカスフィア,カーリングボム,9,4,6,3,1446,OPS_てる,オーバーフロッシャー,アメフラシ,スプラッシュシールド,5,2,8,5,1587,すこやかたかしくん,スプラスピナー,マルチミサイル,クイックボム,6,2,6,8,1824,スコタッタオリザ,スパッタリー,キューバンボムピッチャー,ジャンプビーコン,4,3,7,3,1045,ましゅまろ,エクスプロッシャーカスタム,イカスフィア,ポイントセンサー,7,4,5,5,1614,オーズ,スプラシューターコラボ,ジェットパック,スプラッシュボム,9,3,8,2,915
8855,ガチマッチ,ガチエリア,Ｂバスパーク,LOSE…,49,ちゅーたな,N-ZAP85,インクアーマー,キューバンボム,6,3,6,6,1738,さとぴー,ヒーローローラー レプリカ,スーパーチャクチ,カーリングボム,4,2,12,1,798,あ,クアッドホッパーブラック,スーパーチャクチ,ロボットボム,9,1,7,3,965,ライス,ハイドラントカスタム,インクアーマー,トラップ,5,2,7,3,845,A.デスパイネ,スプラマニューバーベッチュー,イカスフィア,キューバンボム,7,4,9,3,982,ぬ,スプラスコープコラボ,キューバンボムピッチャー,スプラッシュシールド,9,1,4,5,1414,タクシーのハンドル♭,パブロ・ヒュー,イカスフィア,トラップ,9,1,8,4,896,さんばかをすこれ,ボトルガイザーフォイル,バブルランチャー,スプラッシュボム,7,3,3,4,1132
8814,ガチマッチ,ガチホコバトル,ガンガゼ野外音楽堂,WIN!,97,ちゅーたな,N-ZAP85,インクアーマー,キューバンボム,6,4,8,4,1522,Pörn hub,クアッドホッパーブラック,スーパーチャクチ,ロボットボム,13,5,9,3,1113,おそば,ボトルガイザーフォイル,バブルランチャー,スプラッシュボム,7,3,6,4,1196,ゆー,カーボンローラーデコ,ロボボムピッチャー,クイックボム,13,4,6,2,1313,dasaku,バケットスロッシャーソーダ,クイックボムピッチャー,スプラッシュボム,10,2,9,4,1266,Spueezer,L3リールガン,イカスフィア,カーリングボム,4,4,13,3,1181,けぇす,デュアルスイーパーカスタム,アメフラシ,スプラッシュボム,8,3,6,4,1305,ツモ(メンゼン),ボールドマーカー,スーパーチャクチ,カーリングボム,7,2,11,3,1300
8843,ガチマッチ,ガチホコバトル,アンチョビットゲームズ,WIN!,90,ちゅーたな,N-ZAP85,インクアーマー,キューバンボム,3,3,6,5,1514,ローゼンメイデン,プライムシューターベッチュー,ナイスダマ,スプラッシュボム,8,4,6,2,927,かくかくしかじか,ヴァリアブルローラー,スプラッシュボムピッチャー,スプラッシュシールド,7,7,7,3,1293,まおぅ,キャンピングシェルターカーモ,ウルトラハンコ,トラップ,8,2,6,3,1019,ø,プライムシューターベッチュー,ナイスダマ,スプラッシュボム,7,2,7,3,1066,あとはまかせた,パラシェルターソレーラ,スプラッシュボムピッチャー,ロボットボム,3,1,7,3,1299,おともだっつソーレン,デュアルスイーパーカスタム,アメフラシ,スプラッシュボム,7,3,6,2,1401,うーちゃん,N-ZAP85,インクアーマー,キューバンボム,8,1,8,3,1068
8838,ガチマッチ,ガチホコバトル,デボン海洋博物館,LOSE…,0,ちゅーたな,N-ZAP85,インクアーマー,キューバンボム,6,1,7,2,707,グータレーデーもん,オーバーフロッシャー,アメフラシ,スプラッシュシールド,4,0,6,1,674,<>,スプラチャージャーコラボ,キューバンボムピッチャー,スプラッシュシールド,0,1,6,1,400,ねむねむ,H3リールガン,マルチミサイル,ポイントセンサー,1,0,6,1,505,ジョバンニ〆2,プライムシューターコラボ,バブルランチャー,キューバンボム,8,3,4,2,735,わし,スパイガジェットソレーラ,イカスフィア,スプラッシュボム,5,2,2,2,753,ちくわ,クーゲルシュライバー・ヒュー,アメフラシ,ジャンプビーコン,6,3,1,2,581,ドリムー,L3リールガンD,ジェットパック,クイックボム,6,2,4,1,451
8880,ガチマッチ,ガチホコバトル,モンガラキャンプ場,LOSE…,51,ちゅーたな,N-ZAP85,インクアーマー,キューバンボム,6,7,10,3,1038,s,スプラシューターコラボ,ジェットパック,スプラッシュボム,12,1,5,5,959,a,スプラチャージャー,ハイパープレッサー,スプラッシュボム,4,3,6,3,884,Lα#ƒmalinƒ,クラッシュブラスターネオ,マルチミサイル,カーリングボム,12,3,7,3,884,おだやか,スプラシューターコラボ,ジェットパック,スプラッシュボム,11,0,9,2,949,なおちん#98³²,L3リールガンD,ジェットパック,クイックボム,5,2,9,2,868,エノシマ　ジュンコ,ヒーローチャージャー レプリカ,ハイパープレッサー,スプラッシュボム,3,1,7,2,1002,なかもちそとさく,スプラローラー,スーパーチャクチ,カーリングボム,8,1,9,1,818
8879,ガチマッチ,ガチホコバトル,モンガラキャンプ場,LOSE…,72,ちゅーたな,N-ZAP85,インクアーマー,キューバンボム,5,3,8,4,1262,Lα#ƒmalinƒ,クラッシュブラスターネオ,マルチミサイル,カーリングボム,10,3,8,3,878,せーま,クーゲルシュライバー・ヒュー,アメフラシ,ジャンプビーコン,5,2,8,1,1173,かららぬこてぃー,プライムシューターコラボ,バブルランチャー,キューバンボム,11,4,6,2,1229,にゅた,プロモデラーMG,カーリングボムピッチャー,キューバンボム,6,5,7,5,1287,かきくけこうちゃん！,クーゲルシュライバー,ジェットパック,ポイズンミスト,9,1,9,1,1023,エノシマ　ジュンコ,わかばシューター,インクアーマー,スプラッシュボム,6,8,6,7,1602,s,スプラシューターコラボ,ジェットパック,スプラッシュボム,9,1,9,3,902
8896,ガチマッチ,ガチホコバトル,デボン海洋博物館,LOSE…,58,ちゅーたな,N-ZAP85,インクアーマー,キューバンボム,8,1,10,3,941,あこ⊃◎こばんざめ♪,バレルスピナー,ハイパープレッサー,スプリンクラー,11,3,5,4,891,chimney,バケットスロッシャーデコ,イカスフィア,スプリンクラー,6,3,6,4,1031,ジョニィ,デュアルスイーパーカスタム,アメフラシ,スプラッシュボム,7,0,8,3,1137,ドラやま,スクイックリンγ,ジェットパック,キューバンボム,6,1,7,4,1007,やん_GM,ヴァリアブルローラー,スプラッシュボムピッチャー,スプラッシュシールド,7,2,7,4,1160,わをんα,バケットスロッシャーソーダ,クイックボムピッチャー,スプラッシュボム,5,2,9,1,680,ぴぴぴ,プライムシューターベッチュー,ナイスダマ,スプラッシュボム,11,0,9,2,950
8859,リーグマッチ,ガチヤグラ,ガンガゼ野外音楽堂,LOSE…,0,ちゅーたな,N-ZAP85,インクアーマー,キューバンボム,8,2,8,3,935,のぴお,スプラスピナー,マルチミサイル,クイックボム,1,1,8,2,621,あかずキン★ズットモ,エクスプロッシャーカスタム,イカスフィア,ポイントセンサー,8,4,5,3,960,もちごめ,ジェットスイーパーカスタム,ハイパープレッサー,クイックボム,6,4,4,1,875,でんりゅう,スプラローラーベッチュー,バブルランチャー,スプラッシュボム,8,1,5,4,921,ゆぱ,わかばシューター,インクアーマー,スプラッシュボム,2,4,6,3,837,ゆっひ。　く8ミ⌒★,L3リールガンD,ジェットパック,クイックボム,6,1,5,2,948,れい,クアッドホッパーブラック,スーパーチャクチ,ロボットボム,9,2,7,2,970
8818,ガチマッチ,ガチアサリ,バッテラストリート,LOSE…,0,ちゅーたな,.96ガロン,インクアーマー,スプリンクラー,3,3,6,6,1479,strelitzia,ロングブラスター,アメフラシ,キューバンボム,7,1,8,3,1062,なかの　みく♪,スプラスコープコラボ,キューバンボムピッチャー,スプラッシュシールド,6,0,4,4,1154,たばるざか46,デュアルスイーパーカスタム,アメフラシ,スプラッシュボム,7,1,5,4,1311,フグ、,ロングブラスター,アメフラシ,キューバンボム,9,1,3,3,1434,ようもうフェルト,ボトルガイザーフォイル,バブルランチャー,スプラッシュボム,2,2,8,3,1078,umimi,スプラスピナー,マルチミサイル,クイックボム,6,4,7,3,1407,こい,スプラローラー,スーパーチャクチ,カーリングボム,6,2,5,2,905
8834,ガチマッチ,ガチエリア,海女美術大学,WIN!,97,ちゅーたな,N-ZAP85,インクアーマー,キューバンボム,12,4,6,6,1556,no need,L3リールガン,イカスフィア,カーリングボム,8,1,6,6,1271,josiahツキキキ,4Kスコープ,アメフラシ,トラップ,8,2,5,4,900,はちまきレントラー,ダイナモローラー,ハイパープレッサー,トラップ,10,4,4,5,1086,USAピョン,スプラチャージャーコラボ,キューバンボムピッチャー,スプラッシュシールド,7,0,10,3,997,ゾンビがつかない,ケルビン525デコ,イカスフィア,スプラッシュシールド,1,3,10,3,741,(∵),プライムシューターベッチュー,ナイスダマ,スプラッシュボム,11,0,9,3,1119,　　ことうげ　えいじ,わかばシューター,インクアーマー,スプラッシュボム,2,4,9,7,1845
8863,ガチマッチ,ガチホコバトル,ホッケふ頭,WIN!,73,ちゅーたな,N-ZAP85,インクアーマー,キューバンボム,7,3,9,3,1154,キョンふかだ,バレルスピナー,ハイパープレッサー,スプリンクラー,12,1,4,3,1082,やっさんアニィ♪,スクイックリンα,インクアーマー,ポイントセンサー,10,3,11,2,750,ワッサン,プロモデラーMG,カーリングボムピッチャー,キューバンボム,7,3,6,6,2019,くるくるまわる,パラシェルターソレーラ,スプラッシュボムピッチャー,ロボットボム,8,5,9,2,1103,めか,スプラチャージャー,ハイパープレッサー,スプラッシュボム,7,2,7,1,957,こに,N-ZAP85,インクアーマー,キューバンボム,6,6,8,6,1674,しかにゃん,ケルビン525デコ,イカスフィア,スプラッシュシールド,9,3,12,1,1040
8875,ガチマッチ,ガチヤグラ,アジフライスタジアム,LOSE…,13,ちゅーたな,N-ZAP85,インクアーマー,キューバンボム,5,7,11,3,1326,たけぼ,わかばシューター,インクアーマー,スプラッシュボム,9,3,13,3,1065,LY§çªqazv,バケットスロッシャーデコ,イカスフィア,スプリンクラー,0,0,0,0,0,ねこのこきゅう,スパッタリー・ヒュー,アメフラシ,ポイズンミスト,10,1,10,3,950,もりや,ヒッセン,インクアーマー,クイックボム,11,3,5,4,995,むぺ,スプラシューターコラボ,ジェットパック,スプラッシュボム,6,2,7,3,767,まだない,L3リールガンD,ジェットパック,クイックボム,16,7,5,6,1120,MYPROTEIN,スプラチャージャー,ハイパープレッサー,スプラッシュボム,1,1,7,1,625
8822,ガチマッチ,ガチヤグラ,海女美術大学,LOSE…,39,ちゅーたな,N-ZAP85,インクアーマー,キューバンボム,5,3,9,5,1301,ハイスペックおじさん,ノヴァブラスター,イカスフィア,スプラッシュボム,6,2,10,4,972,それたろう2,バレルスピナーリミックス,ナイスダマ,ポイントセンサー,12,3,7,6,1479,ヴァリアヴルロゥラァ,キャンピングシェルターカーモ,ウルトラハンコ,トラップ,3,2,11,3,1039,Aonoko,4Kスコープ,アメフラシ,トラップ,6,0,6,5,1466,№0　〆だい,スプラローラー,スーパーチャクチ,カーリングボム,8,2,9,2,871,のの,N-ZAP85,インクアーマー,キューバンボム,12,6,4,6,1294,まきのかんな,L3リールガンD,ジェットパック,クイックボム,11,3,7,7,1640
8823,ガチマッチ,ガチヤグラ,マンタマリア号,WIN!,100,ちゅーたな,N-ZAP85,インクアーマー,キューバンボム,5,6,6,5,988,yu,スプラシューターコラボ,ジェットパック,スプラッシュボム,13,2,8,2,769,mumu,プライムシューターコラボ,バブルランチャー,キューバンボム,8,0,5,5,1099,なんてこったい！,バレルスピナーリミックス,ナイスダマ,ポイントセンサー,7,3,4,7,1404,あんころもち,ロングブラスター,アメフラシ,キューバンボム,5,3,12,1,748,´・ω・`,スプラローラー,スーパーチャクチ,カーリングボム,5,0,6,1,731,ほんとのしょーーゃ♪,プライムシューターベッチュー,ナイスダマ,スプラッシュボム,7,2,8,2,986,んんんん,.96ガロンデコ,スーパーチャクチ,スプラッシュシールド,6,1,8,2,1062
8874,ガチマッチ,ガチヤグラ,アジフライスタジアム,WIN!,44,ちゅーたな,N-ZAP85,インクアーマー,キューバンボム,7,9,6,6,1479,PK»むつ♪,エクスプロッシャー,バブルランチャー,スプリンクラー,6,3,5,4,1366,リーグオブレジェンド,ロングブラスター,アメフラシ,キューバンボム,9,7,9,3,925,マリオ,スプラローラー,スーパーチャクチ,カーリングボム,12,0,10,0,664,MYPROTEIN,スプラチャージャー,ハイパープレッサー,スプラッシュボム,11,1,8,2,1012,masapiro,スパッタリークリア,スーパーチャクチ,トーピード,3,4,10,6,1220,だ。,ボトルガイザーフォイル,バブルランチャー,スプラッシュボム,8,2,7,4,1106,LY§çªqazv,バケットスロッシャーデコ,イカスフィア,スプリンクラー,8,3,9,3,880
8862,ガチマッチ,ガチホコバトル,コンブトラック,WIN!,85,ちゅーたな,N-ZAP85,インクアーマー,キューバンボム,8,4,9,4,1403,©©.るーまにあ,L3リールガン,イカスフィア,カーリングボム,13,4,7,4,1497,ウグイス,クーゲルシュライバー,ジェットパック,ポイズンミスト,4,5,6,3,1169,ワッサン,プロモデラーMG,カーリングボムピッチャー,キューバンボム,8,2,5,5,1772,くら,L3リールガン,イカスフィア,カーリングボム,3,3,7,6,1910,7,スプラローラー,スーパーチャクチ,カーリングボム,7,2,9,3,1251,らるか♪,スプラシューターコラボ,ジェットパック,スプラッシュボム,13,1,8,3,1194,しな？,ボトルガイザーフォイル,バブルランチャー,スプラッシュボム,4,1,9,6,1138
8835,ガチマッチ,ガチエリア,海女美術大学,LOSE…,67,ちゅーたな,N-ZAP85,インクアーマー,キューバンボム,4,1,12,4,1200,リクライニングシート,パラシェルターソレーラ,スプラッシュボムピッチャー,ロボットボム,5,4,10,5,1130,びばお,わかばシューター,インクアーマー,スプラッシュボム,3,2,9,7,1473,YAKIUDON³²,スプラスコープコラボ,キューバンボムピッチャー,スプラッシュシールド,9,0,5,5,1366,【エネミコ】あきまろ,シャープマーカー,ジェットパック,ポイズンミスト,11,5,3,7,1492,あとはまかせた,ノヴァブラスター,イカスフィア,スプラッシュボム,11,2,8,3,930,もうむりやぁぁぁあん,キャンピングシェルターカーモ,ウルトラハンコ,トラップ,7,1,6,4,1372,no need,L3リールガン,イカスフィア,カーリングボム,7,4,4,6,1392
8819,ガチマッチ,ガチアサリ,バッテラストリート,LOSE…,0,ちゅーたな,.96ガロン,インクアーマー,スプリンクラー,3,4,4,4,1337,こい,スプラローラー,スーパーチャクチ,カーリングボム,9,2,5,2,824,¤よつば¤,オクタシューター レプリカ,ジェットパック,スプラッシュボム,3,0,4,1,1050,umimi,スプラスピナー,マルチミサイル,クイックボム,2,0,7,2,821,メガゲンシカイオーガ,バレルスピナーデコ,バブルランチャー,スプラッシュシールド,5,0,7,2,734,きなこ,スプラスピナー,マルチミサイル,クイックボム,5,1,2,5,1243,びばお,おちばシューター,バブルランチャー,トーピード,4,1,4,4,1247,たばるざか46,デュアルスイーパーカスタム,アメフラシ,スプラッシュボム,6,4,4,3,1049
8858,リーグマッチ,ガチヤグラ,ガンガゼ野外音楽堂,WIN!,61,ちゅーたな,N-ZAP85,インクアーマー,キューバンボム,13,5,7,6,1545,のぴお,スプラスピナー,マルチミサイル,クイックボム,1,1,10,3,1051,あかずキン★ズットモ,エクスプロッシャーカスタム,イカスフィア,ポイントセンサー,3,6,8,3,1251,もちごめ,ジェットスイーパーカスタム,ハイパープレッサー,クイックボム,10,4,5,5,1033,ぢゅぴ∵,デュアルスイーパーカスタム,アメフラシ,スプラッシュボム,10,0,7,5,1448,ひろろ,プライムシューターコラボ,バブルランチャー,キューバンボム,8,4,8,3,957,©まつぐろうGT♪,わかばシューター,インクアーマー,スプラッシュボム,2,6,5,6,1222,みやむプレミヤム,クーゲルシュライバー・ヒュー,アメフラシ,ジャンプビーコン,10,4,7,2,883
8878,ガチマッチ,ガチホコバトル,モンガラキャンプ場,LOSE…,0,ちゅーたな,N-ZAP85,インクアーマー,キューバンボム,2,3,7,1,556,Ring,スプラシューターコラボ,ジェットパック,スプラッシュボム,1,1,5,0,482,あかおに,デュアルスイーパーカスタム,アメフラシ,スプラッシュボム,7,0,4,1,633,Lα#ƒmalinƒ,クラッシュブラスターネオ,マルチミサイル,カーリングボム,4,3,6,1,427,s,スプラシューターコラボ,ジェットパック,スプラッシュボム,3,0,3,1,521,♪オトノナルホウヘ→,オーバーフロッシャー,アメフラシ,スプラッシュシールド,3,1,3,1,566,Ren〆Zone,L3リールガン,イカスフィア,カーリングボム,13,4,3,3,877,ぽぱくん,ボールドマーカー,スーパーチャクチ,カーリングボム,1,1,6,0,359
8897,ガチマッチ,ガチホコバトル,デボン海洋博物館,WIN!,100,ちゅーたな,N-ZAP85,インクアーマー,キューバンボム,6,4,5,1,575,とむのかのぴっぴ,4Kスコープ,アメフラシ,トラップ,4,3,2,2,528,Una Nancy,わかばシューター,インクアーマー,スプラッシュボム,2,3,4,2,639,やん_GM,ヴァリアブルローラー,スプラッシュボムピッチャー,スプラッシュシールド,5,0,5,0,522,☆★☆たくぼー☆★☆,スプラローラー,スーパーチャクチ,カーリングボム,2,2,6,0,394,ジョニィ,デュアルスイーパーカスタム,アメフラシ,スプラッシュボム,4,2,4,1,561,Atpデスタムンタ！,わかばシューター,インクアーマー,スプラッシュボム,6,4,5,2,744,S'Sれんじゃー,スクリュースロッシャーベッチュー,スーパーチャクチ,タンサンボム,4,2,2,1,489
8881,ガチマッチ,ガチヤグラ,アジフライスタジアム,LOSE…,39,ちゅーたな,N-ZAP85,インクアーマー,キューバンボム,5,3,11,4,1370,そったー,カーボンローラーデコ,ロボボムピッチャー,クイックボム,9,1,11,1,756,Ω,ボトルガイザーフォイル,バブルランチャー,スプラッシュボム,7,4,7,3,1104,たな、,ラピッドブラスターベッチュー,イカスフィア,トーピード,6,4,9,4,1065,DJケンヤマニカ,バケットスロッシャーソーダ,クイックボムピッチャー,スプラッシュボム,3,5,5,4,1119,ゆめほうせきパワー,カーボンローラーデコ,ロボボムピッチャー,クイックボム,14,5,9,4,1034,☆Ryochan★,スプラシューターコラボ,ジェットパック,スプラッシュボム,12,4,6,4,1178,こいぬッシー,ロングブラスター,アメフラシ,キューバンボム,9,0,7,4,1079
8839,ガチマッチ,ガチホコバトル,デボン海洋博物館,LOSE…,82,ちゅーたな,N-ZAP85,インクアーマー,キューバンボム,7,3,11,3,999,めんたいこ,スパッタリークリア,スーパーチャクチ,トーピード,8,3,11,2,875,はあなたかまはら☆わ,オーバーフロッシャー,アメフラシ,スプラッシュシールド,2,2,8,4,1004,ゆかりん,クーゲルシュライバー・ヒュー,アメフラシ,ジャンプビーコン,10,1,5,4,1146,018,わかばシューター,インクアーマー,スプラッシュボム,8,6,6,2,894,あーりー,ボールドマーカー,スーパーチャクチ,カーリングボム,11,1,8,4,1435,グータレーデーもん,オーバーフロッシャー,アメフラシ,スプラッシュシールド,7,5,9,1,1011,あやなおめでとう;;,ハイドラントカスタム,インクアーマー,トラップ,9,4,4,2,726
8842,ガチマッチ,ガチホコバトル,コンブトラック,WIN!,100,ちゅーたな,N-ZAP85,インクアーマー,キューバンボム,1,5,1,3,716,UCLいっしゅみーあ,.52ガロン,イカスフィア,ポイントセンサー,1,3,2,1,299,tai,デュアルスイーパーカスタム,アメフラシ,スプラッシュボム,2,2,3,1,514,あさひ,ノヴァブラスターベッチュー,アメフラシ,タンサンボム,4,0,2,1,293,うーちゃん,N-ZAP85,インクアーマー,キューバンボム,1,0,3,1,488,bo,スクリュースロッシャーベッチュー,スーパーチャクチ,タンサンボム,3,1,2,1,596,ひらがなふろっぐ,スパッタリー,キューバンボムピッチャー,ジャンプビーコン,1,0,2,0,356,あ,クアッドホッパーブラック,スーパーチャクチ,ロボットボム,3,0,1,1,522
8815,ガチマッチ,ガチアサリ,バッテラストリート,WIN!,39,ちゅーたな,.96ガロン,インクアーマー,スプリンクラー,2,4,5,7,1864,100ぱーはれおんな,パブロ・ヒュー,イカスフィア,トラップ,7,2,5,5,1169,αβ,ケルビン525デコ,イカスフィア,スプラッシュシールド,8,0,6,5,1052,ÄfrøÐßòónë,ヒーローローラー レプリカ,スーパーチャクチ,カーリングボム,7,1,13,1,888,ねおんてとら,ヴァリアブルローラーフォイル,マルチミサイル,キューバンボム,7,1,4,8,1795,ゆうれいぶ,スプラローラー,スーパーチャクチ,カーリングボム,8,2,5,1,801,ガキ,Rブラスターエリートデコ,インクアーマー,スプラッシュシールド,5,7,7,3,1100,そののアンチ,バケットスロッシャーデコ,イカスフィア,スプリンクラー,9,2,8,4,1338
8854,ガチマッチ,ガチエリア,海女美術大学,LOSE…,0,ちゅーたな,N-ZAP85,インクアーマー,キューバンボム,1,0,3,2,614,さとぴー,ヒーローローラー レプリカ,スーパーチャクチ,カーリングボム,2,1,5,0,367,Liberté,ダイナモローラーベッチュー,ナイスダマ,スプリンクラー,3,0,1,3,784,Lanford,ロングブラスター,アメフラシ,キューバンボム,3,0,3,1,420,√れあちくぱーちく,N-ZAP85,インクアーマー,キューバンボム,1,2,3,2,543,SuprユーロBoy,プライムシューターコラボ,バブルランチャー,キューバンボム,3,1,3,1,415,はっしゅたぐ14,ヴァリアブルローラーフォイル,マルチミサイル,キューバンボム,3,0,1,3,706,A.デスパイネ,スプラマニューバーベッチュー,イカスフィア,キューバンボム,5,0,2,2,467
8894,ガチマッチ,ガチホコバトル,デボン海洋博物館,WIN!,100,ちゅーたな,N-ZAP85,インクアーマー,キューバンボム,6,5,6,2,905,こうこう,スプラローラー,スーパーチャクチ,カーリングボム,8,2,5,0,693,E,スプラスコープベッチュー,イカスフィア,スプリンクラー,9,0,6,2,706,merco,ボールドマーカー7,ウルトラハンコ,スプラッシュボム,2,7,4,3,944,・←ミジンコ,おちばシューター,バブルランチャー,トーピード,7,1,8,4,1082,なる,L3リールガンD,ジェットパック,クイックボム,9,3,8,3,840,シャカ,スプラローラー,スーパーチャクチ,カーリングボム,5,0,9,1,682,はまこう,ボールドマーカー7,ウルトラハンコ,スプラッシュボム,0,0,0,0,0
8882,ガチマッチ,ガチヤグラ,マンタマリア号,WIN!,76,ちゅーたな,N-ZAP85,インクアーマー,キューバンボム,4,3,7,5,1336,ターザン,プライムシューターベッチュー,ナイスダマ,スプラッシュボム,6,2,7,3,951,れい,ラピッドブラスターベッチュー,イカスフィア,トーピード,8,2,4,3,1177,あくまのれいちゃ**,ホクサイベッチュー,ウルトラハンコ,キューバンボム,8,3,7,4,831,CKN#m-rume,わかばシューター,インクアーマー,スプラッシュボム,6,3,8,7,1383,こうちゃ,ボトルガイザー,ハイパープレッサー,スプラッシュシールド,6,2,6,4,704,こいぬッシー,ロングブラスター,アメフラシ,キューバンボム,11,0,7,4,1194,たな、,ラピッドブラスターベッチュー,イカスフィア,トーピード,2,3,5,5,1219
8841,ガチマッチ,ガチホコバトル,コンブトラック,WIN!,77,ちゅーたな,N-ZAP85,インクアーマー,キューバンボム,3,2,7,7,1762,なす,ホットブラスター,スーパーチャクチ,ポイズンミスト,6,3,9,2,975,チカラのかぎり,パブロ・ヒュー,イカスフィア,トラップ,3,4,8,5,1345,おくりものさんでー,スパッタリークリア,スーパーチャクチ,トーピード,10,1,8,4,1820,kudara,スパイガジェット,スーパーチャクチ,トラップ,6,7,6,7,1977,かっぱ,L3リールガンD,ジェットパック,クイックボム,9,3,7,2,1372,チム,スプラローラー,スーパーチャクチ,カーリングボム,12,2,4,3,1087,ワガハイ,スパッタリークリア,スーパーチャクチ,トーピード,5,5,5,4,1468
8816,ガチマッチ,ガチアサリ,海女美術大学,LOSE…,79,ちゅーたな,.96ガロン,インクアーマー,スプリンクラー,3,1,7,5,1444,mol53,スプラローラー,スーパーチャクチ,カーリングボム,7,0,8,2,863,しお,ロングブラスター,アメフラシ,キューバンボム,13,2,11,2,1132,ねおんてとら,ヴァリアブルローラーフォイル,マルチミサイル,キューバンボム,5,1,5,6,1484,ふらいごん,クーゲルシュライバー・ヒュー,アメフラシ,ジャンプビーコン,5,2,9,3,1326,αβ,ケルビン525デコ,イカスフィア,スプラッシュシールド,1,1,8,4,927,ゆうれいぶ,スプラローラー,スーパーチャクチ,カーリングボム,15,0,6,2,951,どらやき,プライムシューターベッチュー,ナイスダマ,スプラッシュボム,10,1,5,4,1418
8857,リーグマッチ,ガチヤグラ,スメーシーワールド,LOSE…,0,ちゅーたな,N-ZAP85,インクアーマー,キューバンボム,4,3,6,2,806,のぴお,スプラスピナー,マルチミサイル,クイックボム,1,0,7,2,651,あかずキン★ズットモ,エクスプロッシャーカスタム,イカスフィア,ポイントセンサー,9,1,4,3,1149,もちごめ,ジェットスイーパーカスタム,ハイパープレッサー,クイックボム,3,5,1,4,689,At_たちゃおん,スプラスコープコラボ,キューバンボムピッチャー,スプラッシュシールド,5,1,4,3,994,やん_GM,ヴァリアブルローラー,スプラッシュボムピッチャー,スプラッシュシールド,5,0,6,3,959,_ぁぱ,L3リールガン,イカスフィア,カーリングボム,2,4,4,4,770,まめる,バケットスロッシャーデコ,イカスフィア,スプリンクラー,6,0,3,3,860
8820,ガチマッチ,ガチヤグラ,海女美術大学,WIN!,100,ちゅーたな,N-ZAP85,インクアーマー,キューバンボム,3,4,1,4,660,ひさしぶりザウルス,ロングブラスターネクロ,マルチミサイル,クイックボム,7,1,4,2,403,はるか*.'),スプラマニューバーコラボ,ジェットパック,カーリングボム,4,4,3,2,464,らいむちゃま,L3リールガン,イカスフィア,カーリングボム,7,1,2,2,560,スクイクのひとでなし,スプラマニューバーコラボ,ジェットパック,カーリングボム,2,0,7,0,296,せもぽぬめ,14式竹筒銃・甲,マルチミサイル,カーリングボム,2,1,4,2,668,じ,N-ZAP89,マルチミサイル,ロボットボム,5,0,6,0,495,かりすまJK♀,スプラマニューバーコラボ,ジェットパック,カーリングボム,1,2,5,0,313
8877,ガチマッチ,ガチヤグラ,アジフライスタジアム,LOSE…,44,ちゅーたな,N-ZAP85,インクアーマー,キューバンボム,2,4,8,4,1318,めか,.96ガロン,インクアーマー,スプリンクラー,8,2,8,5,1174,マイナーブキつかい,ボールドマーカー,スーパーチャクチ,カーリングボム,5,0,7,5,1142,52splαのちから,ロングブラスター,アメフラシ,キューバンボム,10,1,11,2,1015,.,14式竹筒銃・甲,マルチミサイル,カーリングボム,8,2,6,6,1360,HTR/てらまめ,オクタシューター レプリカ,ジェットパック,スプラッシュボム,11,5,7,3,1134,イクラ,N-ZAP85,インクアーマー,キューバンボム,4,4,8,4,1200,バケよりリール,ノヴァブラスター,イカスフィア,スプラッシュボム,11,5,4,4,1121
8861,リーグマッチ,ガチヤグラ,スメーシーワールド,LOSE…,0,ちゅーたな,N-ZAP85,インクアーマー,キューバンボム,9,4,9,3,1122,のぴお,スプラスピナー,マルチミサイル,クイックボム,2,1,7,3,902,あかずキン★ズットモ,エクスプロッシャーカスタム,イカスフィア,ポイントセンサー,5,1,6,4,1321,もちごめ,ジェットスイーパーカスタム,ハイパープレッサー,クイックボム,6,6,4,4,1023,ニル,プロモデラーPG,ナイスダマ,クイックボム,0,5,6,4,1080,ふりむ,デュアルスイーパーカスタム,アメフラシ,スプラッシュボム,7,0,8,3,1104,MASA,ヒーローローラー レプリカ,スーパーチャクチ,カーリングボム,11,0,5,6,1233,アタロウ,.52ガロンベッチュー,ナイスダマ,スプラッシュシールド,8,0,3,6,1420
8836,ガチマッチ,ガチホコバトル,デボン海洋博物館,WIN!,89,ちゅーたな,N-ZAP85,インクアーマー,キューバンボム,7,2,6,5,1226,もっけ,ダイナモローラーベッチュー,ナイスダマ,スプリンクラー,4,0,5,5,1199,へきれきいっせん！！,ボトルガイザーフォイル,バブルランチャー,スプラッシュボム,9,0,7,3,1086,*ミルコクロコップ*,ハイドラントカスタム,インクアーマー,トラップ,7,1,6,3,709,ちーどる#やきにく,エクスプロッシャーカスタム,イカスフィア,ポイントセンサー,4,3,7,4,1145,アオイ,スパッタリー・ヒュー,アメフラシ,ポイズンミスト,6,1,9,2,770,KK>>ホッブラ,L3リールガンD,ジェットパック,クイックボム,6,2,4,5,1238,ささ　かざもり,スプラスコープコラボ,キューバンボムピッチャー,スプラッシュシールド,8,1,7,3,804
8837,ガチマッチ,ガチホコバトル,アンチョビットゲームズ,WIN!,100,ちゅーたな,N-ZAP85,インクアーマー,キューバンボム,1,1,3,1,386,わし,スパイガジェットソレーラ,イカスフィア,スプラッシュボム,0,0,2,1,434,UF√LSK,スプラローラー,スーパーチャクチ,カーリングボム,6,1,3,1,458,KK>>ホッブラ,L3リールガンD,ジェットパック,クイックボム,4,2,0,3,794,ドリムー,L3リールガンD,ジェットパック,クイックボム,2,1,3,2,522,EGOIST,ロングブラスター,アメフラシ,キューバンボム,1,0,3,1,354,きんちゃん,ヒーローローラー レプリカ,スーパーチャクチ,カーリングボム,3,2,4,0,256,ポニワ,ボールドマーカーネオ,マルチミサイル,ジャンプビーコン,2,1,1,6,1088
8860,リーグマッチ,ガチヤグラ,スメーシーワールド,WIN!,76,ちゅーたな,N-ZAP85,インクアーマー,キューバンボム,16,2,10,3,1159,のぴお,スプラスピナー,マルチミサイル,クイックボム,1,1,7,4,963,あかずキン★ズットモ,エクスプロッシャーカスタム,イカスフィア,ポイントセンサー,8,4,3,4,1415,もちごめ,ジェットスイーパーカスタム,ハイパープレッサー,クイックボム,7,7,4,5,1038,ゆう*,プライムシューターベッチュー,ナイスダマ,スプラッシュボム,3,0,9,2,788,Re:はくだけど,.96ガロン,インクアーマー,スプリンクラー,4,3,6,5,1516,こまきwithB,プライムシューターベッチュー,ナイスダマ,スプラッシュボム,9,3,10,2,999,M™öあい,プライムシューターベッチュー,ナイスダマ,スプラッシュボム,8,3,7,3,1153
8876,ガチマッチ,ガチヤグラ,フジツボスポーツクラブ,LOSE…,71,ちゅーたな,N-ZAP85,インクアーマー,キューバンボム,9,1,5,6,1494,きむてん,クラッシュブラスターネオ,マルチミサイル,カーリングボム,8,3,8,4,840,たいめんサンドバッグ,エクスプロッシャーカスタム,イカスフィア,ポイントセンサー,6,3,5,4,1492,†ゴッドブレイク†,スプラチャージャー,ハイパープレッサー,スプラッシュボム,3,4,5,2,1000,むじるしのスパイ,ジェットスイーパー,マルチミサイル,ポイズンミスト,5,5,3,8,1370,あろえっち,ロングブラスター,アメフラシ,キューバンボム,8,3,10,3,914,ひすい,エクスプロッシャーカスタム,イカスフィア,ポイントセンサー,5,5,6,2,1227,ぶりぎって,わかばシューター,インクアーマー,スプラッシュボム,5,3,7,7,1198
8821,ガチマッチ,ガチヤグラ,マンタマリア号,WIN!,85,ちゅーたな,N-ZAP85,インクアーマー,キューバンボム,6,6,7,5,1203,mao,クーゲルシュライバー・ヒュー,アメフラシ,ジャンプビーコン,9,3,7,3,1058,かりすまJK♀,ケルビン525,ジェットパック,トラップ,11,3,10,2,754,LC_ぺぷり,ダイナモローラーベッチュー,ナイスダマ,スプリンクラー,15,5,5,6,1235,ごめんなさい・„・,パブロ・ヒュー,イカスフィア,トラップ,9,2,12,3,1071,おさるさん,オクタシューター レプリカ,ジェットパック,スプラッシュボム,5,4,10,3,925,ひさしぶりザウルス,ロングブラスターネクロ,マルチミサイル,クイックボム,8,3,13,2,846,さいふ,バレルスピナーリミックス,ナイスダマ,ポイントセンサー,7,0,8,2,1018
8856,リーグマッチ,ガチヤグラ,スメーシーワールド,WIN!,53,ちゅーたな,N-ZAP85,インクアーマー,キューバンボム,15,3,8,5,1319,のぴお,スプラスピナー,マルチミサイル,クイックボム,2,2,8,3,919,あかずキン★ズットモ,エクスプロッシャーカスタム,イカスフィア,ポイントセンサー,6,2,4,5,1447,もちごめ,ジェットスイーパーカスタム,ハイパープレッサー,クイックボム,10,6,3,3,1227,ゆきはす,スプラシューター,スーパーチャクチ,クイックボム,6,1,8,4,1060,ちとせ,N-ZAP85,インクアーマー,キューバンボム,9,2,10,3,1172,まゆゆん,ヴァリアブルローラーフォイル,マルチミサイル,キューバンボム,4,0,7,5,1129,イカしたそんちょう,ヒッセン,インクアーマー,クイックボム,4,4,8,4,1276
8817,ガチマッチ,ガチアサリ,バッテラストリート,WIN!,100,ちゅーたな,.96ガロン,インクアーマー,スプリンクラー,6,4,5,3,1172,のいのい,ノヴァブラスターベッチュー,アメフラシ,タンサンボム,10,2,7,0,474,あいぅえおぅる,L3リールガン,イカスフィア,カーリングボム,8,0,3,3,1234,リゼこうじょガチこい,ヒーローローラー レプリカ,スーパーチャクチ,カーリングボム,4,1,7,0,640,こい,スプラローラー,スーパーチャクチ,カーリングボム,9,1,6,2,735,みやもとむさねよし€,プライムシューターベッチュー,ナイスダマ,スプラッシュボム,4,1,9,0,627,へ？,ボトルガイザーフォイル,バブルランチャー,スプラッシュボム,6,3,7,2,798,FREEDOM,シャープマーカー,ジェットパック,ポイズンミスト,3,5,6,2,981
8840,ガチマッチ,ガチホコバトル,デボン海洋博物館,WIN!,100,ちゅーたな,N-ZAP85,インクアーマー,キューバンボム,10,2,7,4,1135,フェブル:YtK,ヒッセン,インクアーマー,クイックボム,6,0,6,5,1137,Mα/CN*バレル#,バレルスピナーリミックス,ナイスダマ,ポイントセンサー,10,1,6,4,682,みかた3かいガチャ,スプラチャージャー,ハイパープレッサー,スプラッシュボム,3,4,2,4,966,しωちゃんまん©™,わかばシューター,インクアーマー,スプラッシュボム,3,2,7,3,1156,ぼく,ボールドマーカー7,ウルトラハンコ,スプラッシュボム,6,0,10,1,741,グータレーデーもん,オーバーフロッシャー,アメフラシ,スプラッシュシールド,6,3,9,1,977,あやなおめでとう;;,ハイドラントカスタム,インクアーマー,トラップ,6,3,4,3,832
8883,ガチマッチ,ガチヤグラ,マンタマリア号,LOSE…,55,ちゅーたな,N-ZAP85,インクアーマー,キューバンボム,6,2,9,5,1297,きなこもち,スプラシューターベッチュー,マルチミサイル,キューバンボム,7,3,10,2,800,ア,バケットスロッシャーソーダ,クイックボムピッチャー,スプラッシュボム,9,2,11,3,991,Ike,スプラチャージャーベッチュー,イカスフィア,スプリンクラー,11,0,7,3,1013,わ,プライムシューターベッチュー,ナイスダマ,スプラッシュボム,12,3,8,1,1057,くそげーおつ,バレルスピナー,ハイパープレッサー,スプリンクラー,6,5,6,2,1043,しけてんねぇ！,ホットブラスターカスタム,ジェットパック,ロボットボム,4,3,8,3,880,ビルダーたくや,スプラシューターコラボ,ジェットパック,スプラッシュボム,15,5,11,2,1091
8895,ガチマッチ,ガチホコバトル,デボン海洋博物館,LOSE…,44,ちゅーたな,N-ZAP85,インクアーマー,キューバンボム,9,1,8,3,1042,おなかすいた,スプラローラーベッチュー,バブルランチャー,スプラッシュボム,6,1,7,3,975,とばり,オーバーフロッシャー,アメフラシ,スプラッシュシールド,8,2,7,0,718,〃R e n〃,カーボンローラーデコ,ロボボムピッチャー,クイックボム,6,1,8,2,843,でっていう★ぱたぱた,ヒーローブラシ レプリカ,ジェットパック,ロボットボム,8,1,7,2,656,シャカ,スプラローラー,スーパーチャクチ,カーリングボム,9,1,8,2,1000,くすりキメこ。,ボトルガイザーフォイル,バブルランチャー,スプラッシュボム,6,3,7,3,687,ディンゴ,スプラシューターベッチュー,マルチミサイル,キューバンボム,7,3,7,5,1174
8826,ガチマッチ,ガチヤグラ,マンタマリア号,WIN!,44,ちゅーたな,N-ZAP85,インクアーマー,キューバンボム,4,3,6,6,1460,ぱ,ヴァリアブルローラーフォイル,マルチミサイル,キューバンボム,3,0,8,5,1182,なのぴこ,ホクサイ・ヒュー,マルチミサイル,ジャンプビーコン,14,4,8,5,920,ぱ,スプラシューターベッチュー,マルチミサイル,キューバンボム,9,3,6,6,1292,ねぎたまる*акл,ヒーローローラー レプリカ,スーパーチャクチ,カーリングボム,7,4,7,4,988,なつめぐ,ノヴァブラスターベッチュー,アメフラシ,タンサンボム,10,1,8,4,1243,カロリーオフ,N-ZAP85,インクアーマー,キューバンボム,7,7,10,5,1410,またわるさするんか！,4Kスコープ,アメフラシ,トラップ,4,2,5,5,1167
8871,ガチマッチ,ガチヤグラ,フジツボスポーツクラブ,LOSE…,38,ちゅーたな,N-ZAP85,インクアーマー,キューバンボム,9,4,9,6,1283,マリオ,スパッタリー,キューバンボムピッチャー,ジャンプビーコン,7,1,11,1,785,まさやられ,ダイナモローラー,ハイパープレッサー,トラップ,5,5,8,2,952,リタっち,スクリュースロッシャーベッチュー,スーパーチャクチ,タンサンボム,7,7,8,3,1229,ま,スパッタリークリア,スーパーチャクチ,トーピード,7,5,7,5,1057,vermeer,スプラシューターベッチュー,マルチミサイル,キューバンボム,7,1,7,7,1516,マー,バケットスロッシャーソーダ,クイックボムピッチャー,スプラッシュボム,14,8,9,3,997,RöãGâtę,ハイドラントカスタム,インクアーマー,トラップ,8,9,5,3,687
8888,ガチマッチ,ガチヤグラ,マンタマリア号,WIN!,84,ちゅーたな,N-ZAP85,インクアーマー,キューバンボム,5,4,10,3,1148,さらぺちちゃん,ヒーローチャージャー レプリカ,ハイパープレッサー,スプラッシュボム,8,0,4,3,749,むり,クアッドホッパーブラック,スーパーチャクチ,ロボットボム,8,2,10,2,884,・ワ・,スプラスピナー,マルチミサイル,クイックボム,6,4,1,9,1896,あさna,スプラマニューバーコラボ,ジェットパック,カーリングボム,7,2,9,2,926,tipo,デュアルスイーパーカスタム,アメフラシ,スプラッシュボム,13,1,7,4,1532,あど,ホットブラスターカスタム,ジェットパック,ロボットボム,2,2,10,3,580,とろけるさーもん。,スプラスピナー,マルチミサイル,クイックボム,3,1,2,8,1702
8867,ガチマッチ,ガチホコバトル,モンガラキャンプ場,WIN!,100,ちゅーたな,N-ZAP85,インクアーマー,キューバンボム,1,3,3,2,400,ワリラ,L3リールガンD,ジェットパック,クイックボム,5,1,2,1,381,aem,ホットブラスター,スーパーチャクチ,ポイズンミスト,2,1,4,1,310,cı Mole,プライムシューターベッチュー,ナイスダマ,スプラッシュボム,2,1,3,1,328,bad guy,プライムシューターコラボ,バブルランチャー,キューバンボム,6,0,2,1,409,SLウリスタ・レンズ,14式竹筒銃・甲,マルチミサイル,カーリングボム,1,0,3,0,199,Mr.Vintage,スパッタリークリア,スーパーチャクチ,トーピード,1,1,3,1,416,SGB/こはらこよみ,スプラシューターコラボ,ジェットパック,スプラッシュボム,4,2,2,0,280
8830,ガチマッチ,ガチヤグラ,海女美術大学,LOSE…,0,ちゅーたな,N-ZAP85,インクアーマー,キューバンボム,7,7,6,5,1462,ガヴ,パラシェルター,アメフラシ,スプリンクラー,5,1,9,2,931,メロコ,ホクサイ・ヒュー,マルチミサイル,ジャンプビーコン,6,4,13,2,839,ごぼう,スクリュースロッシャーベッチュー,スーパーチャクチ,タンサンボム,4,2,7,3,1344,6わりバッター,わかばシューター,インクアーマー,スプラッシュボム,8,10,4,9,1439,ビオレ,スプラローラー,スーパーチャクチ,カーリングボム,16,2,8,2,886,おひるね,オーバーフロッシャー,アメフラシ,スプラッシュシールド,3,3,4,7,1501,OPENREC.tv,スクリュースロッシャーベッチュー,スーパーチャクチ,タンサンボム,7,7,6,5,1234
8892,ガチマッチ,ガチホコバトル,コンブトラック,WIN!,67,ちゅーたな,N-ZAP85,インクアーマー,キューバンボム,2,4,14,2,1285,み,クアッドホッパーブラック,スーパーチャクチ,ロボットボム,14,1,6,4,1637,→・・←,ハイドラントカスタム,インクアーマー,トラップ,7,8,5,4,1117,ブレーキ,スプラマニューバーコラボ,ジェットパック,カーリングボム,16,4,5,4,1450,わかば,クアッドホッパーブラック,スーパーチャクチ,ロボットボム,8,3,10,1,1429,BTよいどれたぬき,ノーチラス79,ジェットパック,キューバンボム,8,2,9,3,1238,チサdecem,N-ZAP89,マルチミサイル,ロボットボム,4,2,11,4,1300,なおふみ,わかばシューター,インクアーマー,スプラッシュボム,10,0,10,4,1677
8884,ガチマッチ,ガチヤグラ,アジフライスタジアム,LOSE…,24,ちゅーたな,N-ZAP85,インクアーマー,キューバンボム,4,5,7,5,1448,ビルダーたくや,スプラシューターコラボ,ジェットパック,スプラッシュボム,9,2,9,4,1184,Sora#,スパッタリー・ヒュー,アメフラシ,ポイズンミスト,4,4,15,1,702,cm*ますとん,ヒーロースピナー レプリカ,ハイパープレッサー,スプリンクラー,5,4,7,2,1054,きなこもち,スプラシューターベッチュー,マルチミサイル,キューバンボム,9,7,8,3,1053,halu,クラッシュブラスターネオ,マルチミサイル,カーリングボム,8,5,7,4,916,くそげーおつ,ヒーローチャージャー レプリカ,ハイパープレッサー,スプラッシュボム,13,1,1,4,1090,numazak1,ボトルガイザーフォイル,バブルランチャー,スプラッシュボム,8,2,6,5,1399
8847,ガチマッチ,ガチホコバトル,アンチョビットゲームズ,LOSE…,69,ちゅーたな,N-ZAP85,インクアーマー,キューバンボム,7,3,9,4,1447,hb,バレルスピナー,ハイパープレッサー,スプリンクラー,5,4,7,2,1105,ゆうたけ,ケルビン525デコ,イカスフィア,スプラッシュシールド,8,4,10,3,857,スコタッタオリザ,スパッタリー,キューバンボムピッチャー,ジャンプビーコン,11,2,11,1,1054,あゆめん♪,L3リールガン,イカスフィア,カーリングボム,6,0,11,1,936,つきろん,プライムシューターコラボ,バブルランチャー,キューバンボム,12,1,6,5,1666,RiDer,スプラマニューバーコラボ,ジェットパック,カーリングボム,9,1,8,2,1101,SSけいた,ノヴァブラスター,イカスフィア,スプラッシュボム,10,3,6,5,1012
8851,ガチマッチ,ガチホコバトル,コンブトラック,WIN!,99,ちゅーたな,N-ZAP85,インクアーマー,キューバンボム,9,5,6,6,1515,ざわ,スプラローラー,スーパーチャクチ,カーリングボム,8,3,6,2,1196,じっかのひでんです…,プライムシューターベッチュー,ナイスダマ,スプラッシュボム,7,1,9,2,1140,こるんだ,14式竹筒銃・甲,マルチミサイル,カーリングボム,8,3,3,8,1791,ボールドワーカー,ボールドマーカー7,ウルトラハンコ,スプラッシュボム,6,3,6,3,1801,み,パラシェルターソレーラ,スプラッシュボムピッチャー,ロボットボム,4,2,11,3,952,なっぱ,デュアルスイーパーカスタム,アメフラシ,スプラッシュボム,8,4,5,6,1685,Ririna,バケットスロッシャーソーダ,クイックボムピッチャー,スプラッシュボム,6,1,10,3,1274
8850,ガチマッチ,ガチホコバトル,アンチョビットゲームズ,LOSE…,0,ちゅーたな,N-ZAP85,インクアーマー,キューバンボム,2,0,3,0,419,いのせんしあ,スプラスピナー,マルチミサイル,クイックボム,2,0,2,2,542,げん,スプラスコープベッチュー,イカスフィア,スプリンクラー,0,0,3,1,294,の,デュアルスイーパー,マルチミサイル,ポイントセンサー,1,2,2,1,228,がぶくーげる,クーゲルシュライバー・ヒュー,アメフラシ,ジャンプビーコン,1,0,1,1,463,じっかのひでんです…,プライムシューターベッチュー,ナイスダマ,スプラッシュボム,3,1,1,1,450,あ,オーバーフロッシャー,アメフラシ,スプラッシュシールド,4,3,1,2,581,なっぱ,デュアルスイーパーカスタム,アメフラシ,スプラッシュボム,2,2,2,1,362
8846,ガチマッチ,ガチホコバトル,コンブトラック,LOSE…,0,ちゅーたな,N-ZAP85,インクアーマー,キューバンボム,1,0,1,1,260,スコタッタオリザ,スパッタリー,キューバンボムピッチャー,ジャンプビーコン,0,0,2,0,213,ゆうたけ,ケルビン525デコ,イカスフィア,スプラッシュシールド,0,0,1,0,162,ギア・セカンド,ボールドマーカー,スーパーチャクチ,カーリングボム,1,0,3,0,136,あいうえペンギン,N-ZAP89,マルチミサイル,ロボットボム,1,1,1,1,329,も,L3リールガンD,ジェットパック,クイックボム,0,2,0,1,281,このはけいむぶたい,クーゲルシュライバー・ヒュー,アメフラシ,ジャンプビーコン,3,1,1,0,200,うーちゃん2ごう,スパッタリークリア,スーパーチャクチ,トーピード,3,0,0,1,271
8885,ガチマッチ,ガチヤグラ,アジフライスタジアム,WIN!,45,ちゅーたな,N-ZAP85,インクアーマー,キューバンボム,4,4,9,4,1336,・,ボールドマーカー,スーパーチャクチ,カーリングボム,9,3,7,6,1489,さらぺちちゃん,ヒーローチャージャー レプリカ,ハイパープレッサー,スプラッシュボム,11,1,4,3,1063,せん,ロングブラスター,アメフラシ,キューバンボム,15,3,11,3,1005,ささきのくみさん,L3リールガンD,ジェットパック,クイックボム,2,1,11,6,1082,"i-n-g,ランガス",ノヴァブラスター,イカスフィア,スプラッシュボム,14,3,13,2,918,きよ_いんくしーぷ,ヒーローローラー レプリカ,スーパーチャクチ,カーリングボム,12,1,8,3,1038,ようへい,デュアルスイーパー,マルチミサイル,ポイントセンサー,3,4,7,8,1642
8893,ガチマッチ,ガチホコバトル,デボン海洋博物館,LOSE…,80,ちゅーたな,N-ZAP85,インクアーマー,キューバンボム,6,6,8,4,1156,なおふみ,わかばシューター,インクアーマー,スプラッシュボム,5,3,12,2,1106,BTよいどれたぬき,ノーチラス79,ジェットパック,キューバンボム,14,3,9,3,850,ぬこたんImI,スプラローラーベッチュー,バブルランチャー,スプラッシュボム,2,3,7,4,944,に,N-ZAP85,インクアーマー,キューバンボム,6,5,8,3,877,わかば,クアッドホッパーブラック,スーパーチャクチ,ロボットボム,8,1,8,2,1087,「,ハイドラントカスタム,インクアーマー,トラップ,9,8,4,4,1012,べにじゃけ,スプラスピナー,マルチミサイル,クイックボム,13,3,7,4,1137
8831,ガチマッチ,ガチエリア,アロワナモール,WIN!,100,ちゅーたな,N-ZAP85,インクアーマー,キューバンボム,4,2,2,3,746,ミオン,スパッタリー,キューバンボムピッチャー,ジャンプビーコン,3,3,1,2,691,ようキャラでーすW,スクリュースロッシャーベッチュー,スーパーチャクチ,タンサンボム,8,2,1,2,745,Axdong,デュアルスイーパーカスタム,アメフラシ,スプラッシュボム,1,1,4,2,669,とへろす,デュアルスイーパーカスタム,アメフラシ,スプラッシュボム,2,0,4,2,562,よねやってぃ,わかばシューター,インクアーマー,スプラッシュボム,1,2,4,3,767,えりざべす,バケットスロッシャーデコ,イカスフィア,スプリンクラー,3,0,6,2,581,えだまめ,バレルスピナーリミックス,ナイスダマ,ポイントセンサー,2,1,3,3,749
8889,ガチマッチ,ガチヤグラ,マンタマリア号,WIN!,86,ちゅーたな,N-ZAP85,インクアーマー,キューバンボム,7,9,5,6,1433,きいろピクミン　こう,スクイックリンγ,ジェットパック,キューバンボム,8,0,7,3,896,ひえいのかげむしゃ,プライムシューター,アメフラシ,ポイントセンサー,12,3,7,3,749,あるま,クーゲルシュライバー・ヒュー,アメフラシ,ジャンプビーコン,10,1,7,3,968,さらぺちちゃん,ヒーローチャージャー レプリカ,ハイパープレッサー,スプラッシュボム,2,4,7,2,862,たこまさ,プライムシューターベッチュー,ナイスダマ,スプラッシュボム,10,3,12,3,1117,さかなはなかみさ,スプラマニューバーベッチュー,イカスフィア,キューバンボム,8,5,8,3,908,パプリカ,スプラシューターコラボ,ジェットパック,スプラッシュボム,6,2,10,2,781
8866,ガチマッチ,ガチホコバトル,モンガラキャンプ場,LOSE…,75,ちゅーたな,N-ZAP85,インクアーマー,キューバンボム,6,4,7,4,1333,ち,クーゲルシュライバー,ジェットパック,ポイズンミスト,8,4,9,4,1048,aosann,ロングブラスター,アメフラシ,キューバンボム,4,5,9,2,1057,はぁ,スプラシューターコラボ,ジェットパック,スプラッシュボム,9,5,9,4,868,オプーナ,スクリュースロッシャーベッチュー,スーパーチャクチ,タンサンボム,14,2,3,3,1428,なきめちゃん　べん,H3リールガンD,インクアーマー,キューバンボム,4,8,7,4,1277,あ,N-ZAP85,インクアーマー,キューバンボム,8,4,8,4,1219,な　　　え　　　た,クアッドホッパーブラック,スーパーチャクチ,ロボットボム,8,3,12,0,804
8870,ガチマッチ,ガチヤグラ,フジツボスポーツクラブ,WIN!,100,ちゅーたな,N-ZAP85,インクアーマー,キューバンボム,4,3,3,3,684,あおい,デュアルスイーパーカスタム,アメフラシ,スプラッシュボム,5,0,3,1,424,かめさ,ホクサイベッチュー,ウルトラハンコ,キューバンボム,3,2,2,2,461,リンちゃんなう,L3リールガン,イカスフィア,カーリングボム,6,0,2,3,647,もみあげ,スパッタリークリア,スーパーチャクチ,トーピード,4,0,5,2,908,しゃーしん,スプラシューターコラボ,ジェットパック,スプラッシュボム,3,0,4,1,454,YUKI. N>,スクイックリンγ,ジェットパック,キューバンボム,2,0,5,0,322,dasaku,ロングブラスター,アメフラシ,キューバンボム,1,2,4,0,454
8827,ガチマッチ,ガチヤグラ,海女美術大学,WIN!,80,ちゅーたな,N-ZAP85,インクアーマー,キューバンボム,11,13,5,9,1715,ん,ボトルガイザーフォイル,バブルランチャー,スプラッシュボム,9,3,12,2,955,たまごアレルギーです,スプラチャージャー,ハイパープレッサー,スプラッシュボム,1,0,8,2,750,なつめぐ,ノヴァブラスターベッチュー,アメフラシ,タンサンボム,18,2,9,5,1415,A u r a ▲▽,ホットブラスターカスタム,ジェットパック,ロボットボム,11,0,9,4,1205,Riza,スプラスコープ,ハイパープレッサー,スプラッシュボム,7,1,7,2,1261,カロリーオフ,N-ZAP85,インクアーマー,キューバンボム,4,5,11,6,1555,ゆうきのせつだん♪,スプラマニューバーコラボ,ジェットパック,カーリングボム,12,4,12,3,1023
